{
  "test/integration/opaTests.qunit.html": 1734286430718,
  "test/integration/FirstJourney.js": 1734286430734,
  "test/integration/pages/RisksList.js": 1734286430734,
  "test/integration/opaTests.qunit.js": 1734286430722,
  "test/integration/pages/RisksObjectPage.js": 1734286430734,
  "test/testsuite.qunit.js": 1734286430706,
  "xs-app.json": 1734356125315,
  "manifest.json": 1734356125539,
  "Component.js": 1734286430498,
  "Component-dbg.js": 1734286430498,
  "Component.js.map": 1734356149939,
  "test/integration/pages/RisksList-dbg.js": 1734286430734,
  "test/integration/pages/RisksList.js.map": 1734356149985,
  "test/integration/opaTests.qunit-dbg.js": 1734286430722,
  "test/integration/opaTests.qunit.js.map": 1734356149939,
  "test/integration/pages/RisksObjectPage-dbg.js": 1734286430734,
  "test/integration/pages/RisksObjectPage.js.map": 1734356149987,
  "test/testsuite.qunit-dbg.js": 1734286430706,
  "test/testsuite.qunit.js.map": 1734356149942,
  "test/integration/FirstJourney-dbg.js": 1734286430734,
  "test/integration/FirstJourney.js.map": 1734356149983,
  "Component-preload.js": 1734356150045,
  "Component-preload.js.map": 1734356150045,
  "i18n/i18n.properties": 1734286454106,
  "test/testsuite.qunit.html": 1734286430658,
  "test/flpSandbox.html": 1734286430658,
  "index.html": 1734286430498
}