{
  "test/integration/opaTests.qunit.html": 1734286430718,
  "test/integration/opaTests.qunit.js": 1734286430722,
  "test/integration/pages/RisksList.js": 1734286430734,
  "test/integration/pages/RisksObjectPage.js": 1734286430734,
  "test/integration/FirstJourney.js": 1734286430734,
  "test/testsuite.qunit.js": 1734286430706,
  "xs-app.json": 1734359183589,
  "manifest.json": 1734356125539,
  "Component.js": 1734286430498,
  "test/testsuite.qunit-dbg.js": 1734286430706,
  "test/testsuite.qunit.js.map": 1734359191211,
  "test/integration/pages/RisksList-dbg.js": 1734286430734,
  "test/integration/pages/RisksList.js.map": 1734359191219,
  "test/integration/pages/RisksObjectPage-dbg.js": 1734286430734,
  "test/integration/pages/RisksObjectPage.js.map": 1734359191212,
  "test/integration/FirstJourney-dbg.js": 1734286430734,
  "test/integration/FirstJourney.js.map": 1734359191211,
  "test/integration/opaTests.qunit-dbg.js": 1734286430722,
  "test/integration/opaTests.qunit.js.map": 1734359191215,
  "Component-dbg.js": 1734286430498,
  "Component.js.map": 1734359191213,
  "Component-preload.js": 1734359191290,
  "Component-preload.js.map": 1734359191290,
  "i18n/i18n.properties": 1734286454106,
  "test/testsuite.qunit.html": 1734286430658,
  "test/flpSandbox.html": 1734286430658,
  "index.html": 1734286430498
}